patient,count,mean_combo_mono_ratio,se_combo_mono_ratio
p1,296,0.76421064,0.042766723
p100,332,0.48936322,0.028302678
p106,305,0.575721639,0.035922459
p126,274,0.512502386,0.030240299
p132,367,0.494079572,0.041587136
p156,641,1.356502664,0.029720589
p21,400,0.26193037,0.01456437
p26,324,0.77978079,0.024304655
p28,322,1.119258158,0.087666064
p55,264,0.78988184,0.070739543
p60,333,0.190956181,0.019539694
p69,285,0.449317168,0.057868709